{"loss": [61.52327493761407, 37.04955690415179, 24.419691606948938, 17.869285689025627, 14.659221190572437, 13.140615269134605, 12.443500383304116, 11.58610852038274, 11.50603990606923, 10.888710145741864, 10.62037675237395, 10.278129812146796, 10.45765347949794, 9.759833277248946, 11.605073749041948, 9.419094664151551, 10.343181756024803, 9.324159474972168, 9.067721236598947, 0.8573002735448014, 1.5590467115894693, 0.2955166898219963, 0.4542053637038815, 0.18467607817363219, 0.2825411343997945, 0.47473636587135126, 0.1614009248998647, 0.13349610597628062, 0.42142725275839615, 0.6131382822339001, 0.32119787272696937, 0.08368682401264951, 0.05533912267454498, 0.20031492338805904, 0.3610762466416984, 0.03866086146270072, 0.06582574032328493, 0.10781034850133736, 0.042758866309956775, 0.0584794677987369, 0.08167833637425809, 0.10410886913120665, 0.04157084133221559, 0.06034063465913626, 0.04569670806073996, 0.06931963570090265, 0.031767193415034256, 0.031125889546517793, 0.048967435701541565, 0.046233105901984976], "accuracy": [6.777891854893908, 5.1269678302532515, 3.977070499657769, 3.292950034223135, 2.988021902806297, 2.8223819301848048, 2.720396988364134, 2.6030116358658453, 2.5797399041752223, 2.6057494866529773, 2.5585215605749485, 2.534907597535934, 2.560574948665298, 2.4140999315537304, 2.80766598220397, 2.417864476386037, 2.5845311430527036, 2.300136892539357, 2.3316221765913756, 0.8877481177275839, 1.444558521560575, 0.5424366872005476, 0.4941820670773443, 0.5352498288843258, 0.29123887748117727, 0.9952087611225188, 0.5790554414784395, 0.3398357289527721, 0.998631074606434, 1.1232032854209446, 0.8867214236824094, 0.46988364134154686, 0.5219028062970568, 0.6238877481177276, 0.9229979466119097, 0.5578370978781656, 0.4055441478439425, 0.7724161533196441, 0.6290212183436003, 0.7611225188227242, 0.9017796030116358, 0.6255989048596852, 0.2080766598220397, 0.5424366872005476, 0.7015742642026009, 0.62217659137577, 0.7594113620807666, 0.44490075290896647, 0.740930869267625, 0.6724845995893224]}