{"loss": [95.05140905753619, 49.02255058288574, 31.960194837042412, 23.47203431892015, 19.88127453626191, 17.738315855341394, 17.14784191709998, 16.349197351307605, 16.121366128592438, 15.42329395110036, 15.219583953225857, 14.599162085292035, 14.739541886259406, 14.725340491980216, 14.28719750760641, 13.926693465113244, 13.890924606959237, 14.208740671660303, 13.862231783939658, 4.785888419296857, 0.9820241543359921, 0.6459716353676694, 0.5002131055850182, 0.39142029596011846, 0.3953758289230408, 0.25726918472247795, 0.2146420143260395, 0.1961193497403319, 0.15002701866521434, 0.15135820978212985, 0.16575157342821004, 0.10053681138922678, 0.06912540804963081, 0.08098291770654577, 0.09285556062049892, 0.07285214728331559, 0.07334110228092655, 0.0571126018585322, 0.04780616186430657, 0.049802888371421154, 0.04837935303962668, 0.03983688550629216, 0.03719966227835132, 0.04113623764265178, 0.03448049707586031, 0.06206940685837037, 0.026362042533581077, 0.030124416062361162, 0.026862185054434575, 0.04075712918289384], "accuracy": [8.1427089815391, 5.973947313835304, 4.668865380626426, 3.863555278987762, 3.5085666874092514, 3.289566479983406, 3.228666251814976, 3.155237502592823, 3.128521053723294, 3.059738643434972, 3.043476457166563, 2.9749429578925533, 2.9926571250777845, 2.987844845467745, 2.930968678697366, 2.909313420452188, 2.9010578718108277, 2.927774320680357, 2.909230450114084, 1.6358017008919312, 0.8226094171333748, 0.7037129226301597, 0.6476664592408214, 0.6080896079651524, 0.6051856461315079, 0.55196017423771, 0.5369425430408629, 0.5287284795685543, 0.5150798589504252, 0.516282928852935, 0.5277328355113047, 0.5052478738850861, 0.49943995021779714, 0.504542626011201, 0.5076125285210538, 0.5028002489110143, 0.50392034847542, 0.4972827214270898, 0.49819539514623523, 0.49861024683675587, 0.4982368803152873, 0.4983198506533914, 0.4993984650487451, 0.4932586600290396, 0.49641153287699646, 0.5017631196847128, 0.4994814353868492, 0.5005600497822028, 0.497407176934246, 0.4974486621032981]}