{"loss": [15.103730857727074, 2.593961731025151, 0.879779721920689, 0.8679408567292349, 0.8624487605300688, 0.7715424155550343, 0.7392119255981275, 0.6762684476162706, 0.6388477592063802, 0.6128862726546469, 0.5699728544269289, 0.5497734052262135, 0.5499922874427977, 0.5224909036996819, 0.5141825631260872, 0.4964973407220982, 0.48758600923631873, 0.4825297067385344, 0.4768771003931761, 0.4679809476470663, 0.46888129645515053, 0.46039927589396634, 0.4542672083313976, 0.4557702704111025, 0.44804462648573373, 0.43485045896931773, 0.43690842617125736, 0.43556238789820956, 0.43442750262717406, 0.43410753483573594], "accuracy": [2.550047457199771, 1.19867662063273, 0.8798468850958595, 0.8681579750733811, 0.8624427190331937, 0.7717945669306389, 0.7385365501542184, 0.6763120300791748, 0.6388103836933015, 0.6129208100550148, 0.5701359420054811, 0.5497794696816334, 0.5500185382804554, 0.522533112880913, 0.5140746476657737, 0.49662668841417157, 0.4876192847674432, 0.48241611239439763, 0.47682503535991366, 0.4680254761003017, 0.46897074773060976, 0.46006261184489194, 0.4543062116183173, 0.4554009781961284, 0.4480338834786128, 0.4348800032876791, 0.4367852290341651, 0.43556569098987535, 0.43460238942976054, 0.43413324383394614]}