{"loss": [25.77981352781241, 5.262274008889934, 3.6226668643092315, 2.535586762092808, 2.1271076823732837, 1.7950324297412794, 1.4698814929614399, 1.3153886645277957, 1.2038862604765468, 1.053259094477037, 0.968944749066594, 0.6686808571991572, 0.6953479097030076, 0.6603466998153389, 0.6556151933244753, 0.6340084431816099, 0.6074818193539755, 0.598099264779426, 0.5793822180610672, 0.5685578565101598, 0.5421842014890756, 0.5346003552103341, 0.5161831991490755, 0.5045654207663284, 0.4925058827585163, 0.48289939692380385, 0.4702133438269818, 0.4714692261884296, 0.44979075473101454, 0.4474447063742258, 0.4413632764444953, 0.4344658452602566, 0.4242043146700501, 0.4250538107484774, 0.4056637694902758, 0.40592910608075927, 0.39271862949996283, 0.3910052625239428, 0.3871105652371285, 0.38048975813985225, 0.3760826671346268, 0.37210873304519576, 0.3674240732269318, 0.3583856099520928, 0.35463564289581784, 0.3548368186894593, 0.34841757983484034, 0.34342930649649606, 0.33756444706154975, 0.33943267966697727, 0.3352342654394564, 0.32996581097872857, 0.32093813848981834, 0.32226565016512365, 0.31765856922444946, 0.3140339898638884, 0.31017834445136583, 0.30946108890101626, 0.30633294239569236, 0.302654388799438, 0.2994404082708482, 0.29545613034379276, 0.2958860514910715, 0.2942789781632311, 0.29431801162407184, 0.2855522558248384, 0.28994688716511274, 0.28180892437811833, 0.2809373068513971, 0.27652684245713416, 0.2780861594226653, 0.27899593020777674, 0.27114992056700926, 0.2749621901237375, 0.2710238835059368, 0.26582490852709467, 0.26546931652404354, 0.26071540903058205, 0.2659389980141786, 0.2599284198820733], "accuracy": [3.6405663307766343, 1.733410981150455, 1.4339638513748176, 1.1914529972507246, 1.0897799081609232, 1.001520281729082, 0.904965946867555, 0.8533539912450773, 0.8107350956809731, 0.7625152275152552, 0.7332352399753245, 0.6686858215527688, 0.6953439383180212, 0.6603582897442123, 0.6556196790669762, 0.634015852910772, 0.6074840771015292, 0.5981017675865664, 0.5793893805673497, 0.5685385721317371, 0.5421841460053487, 0.5345946264530232, 0.516176124238335, 0.5045717798329579, 0.4925051545313441, 0.48290472530579903, 0.47021050142734544, 0.4714706871593801, 0.44978888855463334, 0.4474522794784724, 0.441356920581338, 0.4344679176067144, 0.4242039618488288, 0.42504289316745186, 0.40566755678086314, 0.4059325306953094, 0.3927157553002209, 0.3910045389298046, 0.38710963938275555, 0.380496186804901, 0.3760801822843508, 0.3721113130308798, 0.3674285500858657, 0.35838413021107, 0.35462573191810226, 0.3548385413563341, 0.34840956660906236, 0.34342947741199026, 0.3375648806904822, 0.3394346616032562, 0.33522878510252263, 0.3299660024254692, 0.32092626259489176, 0.3222721816096636, 0.31765650263479056, 0.3140350960485455, 0.310182479042849, 0.30945622677139695, 0.30633455344667493, 0.3026581503060078, 0.2994485955714638, 0.2954563852573628, 0.29588568653149044, 0.29427902400049855, 0.2943220495056051, 0.2855490895373494, 0.2899493723724993, 0.28180770052423787, 0.28093455453238164, 0.2765303140112513, 0.2780835368012395, 0.27899532776105584, 0.27114954405468983, 0.27496488152219317, 0.271027713689687, 0.2658258135448647, 0.2654735441466469, 0.2607160611198446, 0.2659385990907119, 0.2599278343379291]}