{"loss": [17.588187771387567, 3.557333841261186, 2.603397593881352, 2.135804336415682, 1.9027969743722657, 1.708336842316453, 1.604736231632415, 1.411842240743882, 1.3737313403539904, 1.3323844141252295, 1.2701092622684607, 1.2291762988520352, 1.1734444664050174, 1.1585932761217104, 1.1478350343919284, 1.095902842236961, 1.0761095388139306, 1.0960438783806854, 1.032354590464094, 0.8429975720431785, 0.84346833578539, 0.8104279202942067, 0.8159217585051786, 0.7985319699135163, 0.7707563571658613, 0.7921574705123474, 0.7577136714042586, 0.7675237940221562, 0.7486833815986965, 0.7457946871842392, 0.7495094806294145, 0.6539552011031974, 0.6452547744041133, 0.6233327359299363, 0.6170971791305565, 0.6123474467737131, 0.6034866869894692, 0.6012553830710078, 0.5996103864630491, 0.5878032609517714, 0.5832238802897745, 0.5898310533294113, 0.5466174822269517, 0.5278316058191774, 0.5263450248712137, 0.5248132628992894, 0.5194316720467599, 0.5089503186204101, 0.5161493885082725, 0.5041606383244623, 0.5083343492400262, 0.4992025256370558, 0.5016365854187536, 0.47897483599833973, 0.4714318596476437, 0.4695639205448944, 0.46626233752803564, 0.4728730098303216, 0.4625289522182628, 0.4645355631071037, 0.46012105505686507, 0.4570096353850057, 0.45768600165968587, 0.4429357480101973, 0.43736678701040993, 0.44161017928962354, 0.4382780329674803, 0.4317084173966764, 0.43869470530317534, 0.43565540676636083, 0.42647802258264206, 0.4201268935475939, 0.42994497529939796, 0.4243618836414999, 0.42287797882725686, 0.4170266217513181, 0.41198783645599973, 0.41518386591808915, 0.4097329934829737, 0.41127668004238194, 0.4120225677958811, 0.4074913687567842, 0.4045178200003636, 0.40326744134636905, 0.40567768781736335, 0.4114421650927554, 0.3960393201849082, 0.39357976371527004, 0.39902380024713857, 0.39867044369753546, 0.40124538836370943, 0.40562270681419393, 0.4016655604026793, 0.40022802740121827, 0.39439313273916965, 0.39584510098239284, 0.39266095605980395, 0.39479618634819413, 0.3932402848066893, 0.3965723151418969], "accuracy": [2.8323415872780395, 1.4043085925365684, 1.1985661287180192, 1.0752956526343906, 1.013696889657492, 0.9620208763910105, 0.9310229016497102, 0.8742094431818338, 0.8584529538645931, 0.8505170260199226, 0.8284800574860132, 0.8155920499594318, 0.7960372241378912, 0.7905996540548418, 0.7891513149419175, 0.7701381595742454, 0.7657606728864691, 0.7705353319481916, 0.7494494451461062, 0.6786709877597319, 0.6749342685460306, 0.6629397036672163, 0.6687260859939538, 0.6566815042860363, 0.649860173286622, 0.6531779981078198, 0.6413344213461589, 0.6441147575393751, 0.6395499386889362, 0.6362277827068576, 0.6374845527240307, 0.5954584600236477, 0.5920551267996046, 0.5815385450359589, 0.5793673025085057, 0.5746507472107849, 0.5771268240493108, 0.5726012872754865, 0.5711787822565143, 0.5645793840938105, 0.562679012580405, 0.5660931970201919, 0.545917638166252, 0.5351867452487765, 0.5365444485523806, 0.5346685925157733, 0.5307341073539634, 0.5278989533755423, 0.5316203919943637, 0.5225452792337504, 0.5254297745951744, 0.5216011223838851, 0.5222936965303859, 0.5108592641846094, 0.5088150372418642, 0.5067180896778648, 0.5051175755411034, 0.5083802801005206, 0.5016928016176939, 0.5026747775334411, 0.5021009362752378, 0.499526322367827, 0.4998641573757104, 0.49235215829018575, 0.4906306567177968, 0.4919726167986952, 0.4899176447083667, 0.4875807813544946, 0.4883522278198189, 0.48793906500470496, 0.48279471827140413, 0.48205397850435605, 0.4840419794210746, 0.48287563816004736, 0.48079709847000746, 0.4791826374981396, 0.4753271788278017, 0.4778236841883176, 0.4739300099794524, 0.4746096122875073, 0.47496345750722563, 0.4741936497757326, 0.47065965771332396, 0.47073287747344555, 0.47076149138796175, 0.47308913831452265, 0.4679373582070472, 0.46473991964959926, 0.46759221021876074, 0.4698188218563016, 0.46913235733054276, 0.47162402954016464, 0.4701050812934221, 0.4700801675060566, 0.46509579084723884, 0.46748770846432525, 0.4642162342534488, 0.46544382040247656, 0.46528985222346847, 0.4672132900712257]}